{
  "cooperation_rate": {
    "mean": [
      0.8813793103448276,
      0.8822988505747127,
      0.8981609195402299,
      0.9098850574712645,
      0.8979310344827587,
      0.8919540229885057,
      0.8822988505747127,
      0.885287356321839,
      0.8825287356321839,
      0.8822988505747127
    ],
    "std": [
      0.006395598962410816,
      0.015969981087777852,
      0.009068084102674052,
      0.008496422350609796,
      0.011434326542938753,
      0.006211152223497137,
      0.004516524759629531,
      0.0037351900710969922,
      0.009545075628518009,
      0.007748183699472531
    ]
  },
  "mutual_coop_rate": {
    "mean": [
      0.7793103448275862,
      0.7793103448275863,
      0.808735632183908,
      0.8285057471264368,
      0.8078160919540229,
      0.799080459770115,
      0.7829885057471264,
      0.7816091954022989,
      0.7770114942528735,
      0.7783908045977012
    ],
    "std": [
      0.01017744534307064,
      0.027891036116051666,
      0.016410637515011265,
      0.016359031608880165,
      0.022363929208304024,
      0.011034482758620711,
      0.005923723552517324,
      0.009533996024518487,
      0.014827140686526089,
      0.013915168690042808
    ]
  },
  "mutual_defect_rate": {
    "mean": [
      0.016551724137931035,
      0.014712643678160919,
      0.012413793103448275,
      0.008735632183908045,
      0.011954022988505748,
      0.015172413793103448,
      0.01839080459770115,
      0.011034482758620689,
      0.011954022988505748,
      0.013793103448275862
    ],
    "std": [
      0.004688753575717503,
      0.004733623053327357,
      0.00426373264160722,
      0.003049769922165885,
      0.0026808974229173793,
      0.0018390804597701149,
      0.005242185862524772,
      0.003378606541769901,
      0.007470380142193986,
      0.005242185862524772
    ]
  },
  "avg_payoff": {
    "mean": [
      2.864827586206897,
      2.8675862068965516,
      2.8857471264367818,
      2.901149425287356,
      2.885977011494253,
      2.876781609195402,
      2.863908045977012,
      2.8742528735632185,
      2.8705747126436783,
      2.8685057471264366
    ],
    "std": [
      0.010193011162020798,
      0.020242942494483978,
      0.011802756462522754,
      0.009834137763773653,
      0.012366876005804819,
      0.007741360110566709,
      0.009212627544603965,
      0.0036781609195403074,
      0.01571983539979659,
      0.011158309057022196
    ]
  },
  "gini_coefficient": {
    "mean": [
      0.16893145570477558,
      0.1688827525779249,
      0.14796520301324062,
      0.13374663790429042,
      0.14859558105022458,
      0.15482520225461577,
      0.16620117209416183,
      0.16761291802722145,
      0.17079857494304126,
      0.16971684220001082
    ],
    "std": [
      0.007135584602381149,
      0.019713395789677023,
      0.011865054421295115,
      0.011976769859578924,
      0.016258461363903208,
      0.00791687007846501,
      0.004150274380440231,
      0.0069234873163390165,
      0.010317972786777107,
      0.009914757362670227
    ]
  },
  "defector_isolation": {
    "mean": [
      1.0,
      0.11351305683563746,
      0.252683309973872,
      0.040272595356550575,
      0.07273001541837158,
      0.0252391286434545,
      0.020896978606577285,
      0.0023809523809523807,
      0.017293797586023334,
      0.00631578947368421
    ],
    "std": [
      0.0,
      0.01104854629682524,
      0.0440768952923082,
      0.023438209170241024,
      0.012463538295593973,
      0.012131657026802098,
      0.015512836542555345,
      0.0047619047619047615,
      0.008479450729300517,
      0.01263157894736842
    ]
  },
  "macro_rounds": [
    1,
    2,
    3,
    4,
    5,
    6,
    7,
    8,
    9,
    10
  ],
  "spatial_coop_map_mean": {
    "0": 0.8827586206896552,
    "1": 0.8551724137931034,
    "2": 0.9103448275862069,
    "3": 0.8965517241379309,
    "4": 0.8689655172413794,
    "5": 0.8482758620689654,
    "6": 0.8689655172413794,
    "7": 0.8965517241379309,
    "8": 0.8689655172413792,
    "9": 0.8758620689655172,
    "10": 0.9172413793103449,
    "11": 0.8896551724137931,
    "12": 0.9103448275862067,
    "13": 0.8965517241379309,
    "14": 0.8827586206896552,
    "15": 0.8827586206896552,
    "16": 0.8896551724137931,
    "17": 0.8413793103448276,
    "18": 0.8965517241379309,
    "19": 0.8758620689655172,
    "20": 0.9379310344827585,
    "21": 0.9103448275862067,
    "22": 0.9310344827586207,
    "23": 0.7310344827586206,
    "24": 0.903448275862069,
    "25": 0.8620689655172413,
    "26": 0.903448275862069,
    "27": 0.8827586206896552,
    "28": 0.8758620689655172,
    "29": 0.8758620689655172
  },
  "gossip_accuracy_mean": null,
  "gossip_entries_mean": 0.0,
  "positions": {
    "0": [
      5,
      1
    ],
    "1": [
      1,
      2
    ],
    "2": [
      1,
      4
    ],
    "3": [
      1,
      5
    ],
    "4": [
      0,
      0
    ],
    "5": [
      2,
      3
    ],
    "6": [
      4,
      4
    ],
    "7": [
      5,
      3
    ],
    "8": [
      3,
      3
    ],
    "9": [
      1,
      3
    ],
    "10": [
      3,
      5
    ],
    "11": [
      0,
      3
    ],
    "12": [
      2,
      5
    ],
    "13": [
      3,
      4
    ],
    "14": [
      4,
      0
    ],
    "15": [
      5,
      0
    ],
    "16": [
      4,
      3
    ],
    "17": [
      2,
      1
    ],
    "18": [
      5,
      2
    ],
    "19": [
      0,
      4
    ],
    "20": [
      5,
      5
    ],
    "21": [
      5,
      4
    ],
    "22": [
      4,
      1
    ],
    "23": [
      4,
      2
    ],
    "24": [
      1,
      0
    ],
    "25": [
      4,
      5
    ],
    "26": [
      3,
      2
    ],
    "27": [
      0,
      5
    ],
    "28": [
      0,
      1
    ],
    "29": [
      3,
      1
    ]
  },
  "history_examples": [
    {
      "macro_round": 1,
      "cooperation_rate": 0.8804597701149425,
      "mutual_coop_rate": 0.7793103448275862,
      "mutual_defect_rate": 0.01839080459770115,
      "avg_payoff": 2.8620689655172415,
      "gini_coefficient": 0.16884826662973734,
      "defector_isolation": 1.0,
      "spatial_coop_map": {
        "0": 0.896551724137931,
        "1": 0.8620689655172413,
        "2": 0.896551724137931,
        "3": 0.896551724137931,
        "4": 0.8620689655172413,
        "5": 0.9655172413793104,
        "6": 0.8620689655172413,
        "7": 0.7931034482758621,
        "8": 0.896551724137931,
        "9": 0.9655172413793104,
        "10": 0.896551724137931,
        "11": 0.9655172413793104,
        "12": 0.9310344827586207,
        "13": 0.896551724137931,
        "14": 0.9310344827586207,
        "15": 0.8620689655172413,
        "16": 0.8620689655172413,
        "17": 0.9310344827586207,
        "18": 0.896551724137931,
        "19": 0.7241379310344828,
        "20": 0.8275862068965517,
        "21": 0.8275862068965517,
        "22": 0.9310344827586207,
        "23": 0.7931034482758621,
        "24": 0.8620689655172413,
        "25": 0.9655172413793104,
        "26": 0.7931034482758621,
        "27": 0.896551724137931,
        "28": 0.896551724137931,
        "29": 0.8275862068965517
      }
    },
    {
      "macro_round": 2,
      "cooperation_rate": 0.9080459770114943,
      "mutual_coop_rate": 0.825287356321839,
      "mutual_defect_rate": 0.009195402298850575,
      "avg_payoff": 2.8988505747126436,
      "gini_coefficient": 0.13616633396228134,
      "defector_isolation": 0.09722222222222222,
      "spatial_coop_map": {
        "0": 0.8620689655172413,
        "1": 0.9310344827586207,
        "2": 1.0,
        "3": 0.9655172413793104,
        "4": 0.9655172413793104,
        "5": 0.8620689655172413,
        "6": 0.9310344827586207,
        "7": 0.9655172413793104,
        "8": 0.9310344827586207,
        "9": 0.8620689655172413,
        "10": 0.9310344827586207,
        "11": 0.8620689655172413,
        "12": 0.896551724137931,
        "13": 1.0,
        "14": 0.9310344827586207,