{
  "cooperation_rate": {
    "mean": [
      0.606896551724138,
      0.5839080459770114,
      0.583448275862069,
      0.5896551724137931,
      0.5928735632183908,
      0.5891954022988506,
      0.600919540229885,
      0.5963218390804597,
      0.5891954022988506,
      0.5914942528735633
    ],
    "std": [
      0.012485954587586475,
      0.013850455477142122,
      0.008465265581389412,
      0.010255038171584118,
      0.0063541494073955165,
      0.01243506053912509,
      0.01152639184985898,
      0.008825909802506861,
      0.005842880472247742,
      0.01525924301174814
    ]
  },
  "mutual_coop_rate": {
    "mean": [
      0.37057471264367814,
      0.3411494252873563,
      0.32827586206896553,
      0.3420689655172414,
      0.35310344827586204,
      0.34160919540229884,
      0.3650574712643678,
      0.35356321839080457,
      0.3549425287356322,
      0.3425287356321839
    ],
    "std": [
      0.015887036821306655,
      0.009818002990373624,
      0.016150959145057757,
      0.01588703682130667,
      0.014582760024968925,
      0.018077796093183905,
      0.007327529862303089,
      0.01947385616969872,
      0.010644447726703653,
      0.01906799204903699
    ]
  },
  "mutual_defect_rate": {
    "mean": [
      0.15678160919540232,
      0.17333333333333334,
      0.1613793103448276,
      0.1627586206896552,
      0.16735632183908047,
      0.1632183908045977,
      0.1632183908045977,
      0.16091954022988506,
      0.17655172413793102,
      0.1595402298850575
    ],
    "std": [
      0.014200869159982074,
      0.022363929208304014,
      0.009578237542988345,
      0.00761054958953878,
      0.0103218134807557,
      0.013085286869662253,
      0.01792513902493603,
      0.01058470292710008,
      0.0022524043611799305,
      0.014141201378602024
    ]
  },
  "avg_payoff": {
    "mean": [
      2.4501149425287356,
      2.4105747126436783,
      2.4220689655172416,
      2.426896551724138,
      2.4255172413793105,
      2.425977011494253,
      2.4377011494252874,
      2.435402298850575,
      2.4126436781609195,
      2.4319540229885055
    ],
    "std": [
      0.025377061369619393,
      0.035742506261655024,
      0.014905347197652706,
      0.01661863868683009,
      0.013213892287999915,
      0.02360775158149935,
      0.02921802001989417,
      0.014564629022029483,
      0.007305861417044005,
      0.028577958221834916
    ]
  },
  "gini_coefficient": {
    "mean": [
      0.4155619870254581,
      0.43010369306156493,
      0.4359229382906554,
      0.42957251042729183,
      0.42429950984481823,
      0.42971788988772613,
      0.4184169245320839,
      0.42387133074924355,
      0.4236493175866345,
      0.4292090352428407
    ],
    "std": [
      0.007970279660903207,
      0.004799741985529277,
      0.007400063674355178,
      0.007667222884290176,
      0.007164067431478095,
      0.008629687021740374,
      0.003924059788061352,
      0.009432652209143336,
      0.005220753304882782,
      0.009250746932226762
    ]
  },
  "defector_isolation": {
    "mean": [
      0.3391544578754719,
      0.2695846027172365,
      0.22229485901009177,
      0.1993870151022239,
      0.16461131530213508,
      0.14456309848395443,
      0.10568286885816607,
      0.09415087767784085,
      0.07546689751162153,
      0.09134696693717799
    ],
    "std": [
      0.037684720717146576,
      0.04819739511460258,
      0.028990180838583852,
      0.03285304261292669,
      0.01792554962789268,
      0.02476576186948708,
      0.01845914916134803,
      0.01291488940873137,
      0.021074253413549238,
      0.014896937646964014
    ]
  },
  "macro_rounds": [
    1,
    2,
    3,
    4,
    5,
    6,
    7,
    8,
    9,
    10
  ],
  "spatial_coop_map_mean": {
    "0": 0.6344827586206897,
    "1": 0.6344827586206896,
    "2": 0.5931034482758621,
    "3": 0.5586206896551724,
    "4": 0.5862068965517242,
    "5": 0.5103448275862069,
    "6": 0.6344827586206897,
    "7": 0.5310344827586206,
    "8": 0.6137931034482759,
    "9": 0.5862068965517242,
    "10": 0.7448275862068966,
    "11": 0.5655172413793104,
    "12": 0.5793103448275863,
    "13": 0.5448275862068966,
    "14": 0.6344827586206896,
    "15": 0.6137931034482758,
    "16": 0.6758620689655174,
    "17": 0.5448275862068964,
    "18": 0.5655172413793104,
    "19": 0.6137931034482758,
    "20": 0.5999999999999999,
    "21": 0.5724137931034482,
    "22": 0.5862068965517242,
    "23": 0.5172413793103449,
    "24": 0.6620689655172413,
    "25": 0.5172413793103449,
    "26": 0.5655172413793104,
    "27": 0.5931034482758621,
    "28": 0.5931034482758621,
    "29": 0.5724137931034482
  },
  "gossip_accuracy_mean": 0.7404608308873576,
  "gossip_entries_mean": 61850.0,
  "positions": {
    "0": [
      5,
      1
    ],
    "1": [
      1,
      2
    ],
    "2": [
      1,
      4
    ],
    "3": [
      1,
      5
    ],
    "4": [
      0,
      0
    ],
    "5": [
      2,
      3
    ],
    "6": [
      4,
      4
    ],
    "7": [
      5,
      3
    ],
    "8": [
      3,
      3
    ],
    "9": [
      1,
      3
    ],
    "10": [
      3,
      5
    ],
    "11": [
      0,
      3
    ],
    "12": [
      2,
      5
    ],
    "13": [
      3,
      4
    ],
    "14": [
      4,
      0
    ],
    "15": [
      5,
      0
    ],
    "16": [
      4,
      3
    ],
    "17": [
      2,
      1
    ],
    "18": [
      5,
      2
    ],
    "19": [
      0,
      4
    ],
    "20": [
      5,
      5
    ],
    "21": [
      5,
      4
    ],
    "22": [
      4,
      1
    ],
    "23": [
      4,
      2
    ],
    "24": [
      1,
      0
    ],
    "25": [
      4,
      5
    ],
    "26": [
      3,
      2
    ],
    "27": [
      0,
      5
    ],
    "28": [
      0,
      1
    ],
    "29": [
      3,
      1
    ]
  },
  "history_examples": [
    {
      "macro_round": 1,
      "cooperation_rate": 0.6126436781609196,
      "mutual_coop_rate": 0.38850574712643676,
      "mutual_defect_rate": 0.1632183908045977,
      "avg_payoff": 2.449425287356322,
      "gini_coefficient": 0.4067579302793465,
      "defector_isolation": 0.3641025641025641,
      "spatial_coop_map": {
        "0": 0.6896551724137931,
        "1": 0.5172413793103449,
        "2": 0.5517241379310345,
        "3": 0.4827586206896552,
        "4": 0.6206896551724138,
        "5": 0.7931034482758621,
        "6": 0.5172413793103449,
        "7": 0.7241379310344828,
        "8": 0.6551724137931034,
        "9": 0.6896551724137931,
        "10": 0.5517241379310345,
        "11": 0.7586206896551724,
        "12": 0.7586206896551724,
        "13": 0.6206896551724138,
        "14": 0.6551724137931034,
        "15": 0.5862068965517241,
        "16": 0.5862068965517241,
        "17": 0.5517241379310345,
        "18": 0.5172413793103449,
        "19": 0.5517241379310345,
        "20": 0.5172413793103449,
        "21": 0.7241379310344828,
        "22": 0.6206896551724138,
        "23": 0.5172413793103449,
        "24": 0.5172413793103449,
        "25": 0.5862068965517241,
        "26": 0.5862068965517241,
        "27": 0.5172413793103449,
        "28": 0.5517241379310345,
        "29": 0.8620689655172413
      }
    },
    {
      "macro_round": 2,
      "cooperation_rate": 0.5839080459770115,
      "mutual_coop_rate": 0.3471264367816092,
      "mutual_defect_rate": 0.1793103448275862,
      "avg_payoff": 2.4045977011494255,
      "gini_coefficient": 0.42754225181864136,
      "defector_isolation": 0.20388349514563106,
      "spatial_coop_map": {
        "0": 0.6206896551724138,
        "1": 0.6551724137931034,
        "2": 0.6206896551724138,
        "3": 0.5862068965517241,
        "4": 0.5862068965517241,
        "5": 0.5517241379310345,
        "6": 0.6206896551724138,
        "7": 0.6896551724137931,
        "8": 0.4482758620689655,
        "9": 0.41379310344827586,
        "10": 0.6551724137931034,
        "11": 0.5172413793103449,
        "12": 0.3448275862068966,