{
  "cooperation_rate": {
    "mean": [
      1.0,
      0.9675862068965518,
      0.9708045977011495,
      0.9133333333333333,
      0.9395402298850575,
      0.9521839080459771,
      0.914022988505747,
      0.9211494252873562,
      0.897471264367816,
      0.9055172413793103
    ],
    "std": [
      0.0,
      0.004073573596935468,
      0.007363502242780229,
      0.006485855622834884,
      0.005171136496184817,
      0.01011494252873565,
      0.009682501006277114,
      0.002777711718067718,
      0.010418638338965218,
      0.0042013027316085425
    ]
  },
  "mutual_coop_rate": {
    "mean": [
      1.0,
      0.9360919540229885,
      0.9471264367816092,
      0.8400000000000001,
      0.885057471264368,
      0.9140229885057473,
      0.8395402298850575,
      0.8551724137931034,
      0.8082758620689654,
      0.8234482758620689
    ],
    "std": [
      0.0,
      0.008016365873178246,
      0.013716261048437988,
      0.011318191839164278,
      0.006819492861697165,
      0.01730104618135796,
      0.013277727887994159,
      0.006337493679121943,
      0.017723526682663335,
      0.008016365873178218
    ]
  },
  "mutual_defect_rate": {
    "mean": [
      0.0,
      0.0009195402298850574,
      0.005517241379310344,
      0.013333333333333332,
      0.005977011494252874,
      0.009655172413793104,
      0.011494252873563218,
      0.012873563218390805,
      0.013333333333333332,
      0.012413793103448275
    ],
    "std": [
      0.0,
      0.001126202180589967,
      0.0023443767878587513,
      0.003378606541769901,
      0.004733623053327357,
      0.00490900149518681,
      0.007122727993025134,
      0.0023443767878587513,
      0.003955092076801207,
      0.00609953984433177
    ]
  },
  "avg_payoff": {
    "mean": [
      3.0,
      2.9666666666666663,
      2.965287356321839,
      2.9,
      2.9335632183908045,
      2.9425287356321843,
      2.902528735632184,
      2.9082758620689653,
      2.884137931034483,
      2.8931034482758617
    ],
    "std": [
      0.0,
      0.004421927370499234,
      0.00876582802985628,
      0.008903409991281447,
      0.009517352434245776,
      0.013907570999773959,
      0.016407416901200452,
      0.003362928468581158,
      0.013858084481013047,
      0.008753762190648105
    ]
  },
  "gini_coefficient": {
    "mean": [
      0.0,
      0.05196994525558653,
      0.04245467475688698,
      0.12485255832332631,
      0.09139414857319164,
      0.06829249449724797,
      0.12536198102760238,
      0.11349818041892694,
      0.14823627150935215,
      0.1372162058270384
    ],
    "std": [
      0.0,
      0.0063855584949752235,
      0.010947349637843303,
      0.00833963428392058,
      0.004966124628943264,
      0.013412049927146178,
      0.009415507982052035,
      0.004924663709476775,
      0.012699428201647926,
      0.006065884897270748
    ]
  },
  "defector_isolation": {
    "mean": [
      0.0,
      0.0,
      0.4780626780626781,
      0.0724512023941946,
      0.14696884893054016,
      0.09015925569406044,
      0.13806732278622943,
      0.12637213393256738,
      0.09998909595699638,
      0.08259227867625724
    ],
    "std": [
      0.0,
      0.0,
      0.09343947573441602,
      0.040996152028281635,
      0.02998729653236422,
      0.04493918446270029,
      0.022594711699608278,
      0.02436684463800195,
      0.029105152664622352,
      0.030778078817519726
    ]
  },
  "macro_rounds": [
    1,
    2,
    3,
    4,
    5,
    6,
    7,
    8,
    9,
    10
  ],
  "spatial_coop_map_mean": {
    "0": 0.9241379310344827,
    "1": 0.993103448275862,
    "2": 0.9034482758620689,
    "3": 0.9310344827586207,
    "4": 0.9655172413793103,
    "5": 0.8551724137931034,
    "6": 0.8551724137931036,
    "7": 0.9241379310344827,
    "8": 0.9172413793103449,
    "9": 0.8965517241379309,
    "10": 0.9241379310344827,
    "11": 0.8896551724137931,
    "12": 0.9517241379310345,
    "13": 0.9241379310344827,
    "14": 0.8896551724137931,
    "15": 0.8620689655172413,
    "16": 0.9379310344827587,
    "17": 0.8620689655172413,
    "18": 0.8758620689655172,
    "19": 0.903448275862069,
    "20": 0.9517241379310345,
    "21": 0.9310344827586207,
    "22": 0.9586206896551724,
    "23": 0.7931034482758621,
    "24": 0.9448275862068967,
    "25": 0.8551724137931036,
    "26": 0.903448275862069,
    "27": 0.8827586206896552,
    "28": 0.8758620689655172,
    "29": 0.8827586206896552
  },
  "gossip_accuracy_mean": null,
  "gossip_entries_mean": 0.0,
  "positions": {
    "0": [
      5,
      1
    ],
    "1": [
      1,
      2
    ],
    "2": [
      1,
      4
    ],
    "3": [
      1,
      5
    ],
    "4": [
      0,
      0
    ],
    "5": [
      2,
      3
    ],
    "6": [
      4,
      4
    ],
    "7": [
      5,
      3
    ],
    "8": [
      3,
      3
    ],
    "9": [
      1,
      3
    ],
    "10": [
      3,
      5
    ],
    "11": [
      0,
      3
    ],
    "12": [
      2,
      5
    ],
    "13": [
      3,
      4
    ],
    "14": [
      4,
      0
    ],
    "15": [
      5,
      0
    ],
    "16": [
      4,
      3
    ],
    "17": [
      2,
      1
    ],
    "18": [
      5,
      2
    ],
    "19": [
      0,
      4
    ],
    "20": [
      5,
      5
    ],
    "21": [
      5,
      4
    ],
    "22": [
      4,
      1
    ],
    "23": [
      4,
      2
    ],
    "24": [
      1,
      0
    ],
    "25": [
      4,
      5
    ],
    "26": [
      3,
      2
    ],
    "27": [
      0,
      5
    ],
    "28": [
      0,
      1
    ],
    "29": [
      3,
      1
    ]
  },
  "history_examples": [
    {
      "macro_round": 1,
      "cooperation_rate": 1.0,
      "mutual_coop_rate": 1.0,
      "mutual_defect_rate": 0.0,
      "avg_payoff": 3.0,
      "gini_coefficient": 0.0,
      "defector_isolation": 0.0,
      "spatial_coop_map": {
        "0": 1.0,
        "1": 1.0,
        "2": 1.0,
        "3": 1.0,
        "4": 1.0,
        "5": 1.0,
        "6": 1.0,
        "7": 1.0,
        "8": 1.0,
        "9": 1.0,
        "10": 1.0,
        "11": 1.0,
        "12": 1.0,
        "13": 1.0,
        "14": 1.0,
        "15": 1.0,
        "16": 1.0,
        "17": 1.0,
        "18": 1.0,
        "19": 1.0,
        "20": 1.0,
        "21": 1.0,
        "22": 1.0,
        "23": 1.0,
        "24": 1.0,
        "25": 1.0,
        "26": 1.0,
        "27": 1.0,
        "28": 1.0,
        "29": 1.0
      }
    },
    {
      "macro_round": 2,
      "cooperation_rate": 0.9632183908045977,
      "mutual_coop_rate": 0.9264367816091954,
      "mutual_defect_rate": 0.0,
      "avg_payoff": 2.9632183908045975,
      "gini_coefficient": 0.05978081556584004,
      "defector_isolation": 0.0,
      "spatial_coop_map": {
        "0": 1.0,
        "1": 1.0,
        "2": 0.896551724137931,
        "3": 0.9310344827586207,
        "4": 1.0,
        "5": 0.9310344827586207,
        "6": 0.8620689655172413,
        "7": 0.9655172413793104,
        "8": 0.9655172413793104,
        "9": 1.0,
        "10": 0.9655172413793104,
        "11": 0.896551724137931,
        "12": 0.9655172413793104,
        "13": 1.0,
        "14": 1.0,
        "15": 0.9655172413793104,
        "16": 1.0,
        "17": 0.9310344827586207,
        "18": 0.9655172413793104,
        "19": 0.9655172413793104,
        "20": 1.0,
        "21": 1.0,
        "22": 1.0,
        "23": 0.9655172413793104,
        "24": 0.896551724137931,
        "25": 0.9655172413793104,
        "26": 0.9655172413793104,
        "27": 1.0,
        "28": 0.9310344827586207,
        "29": 0.9655172413793104
      }
    },
    {
      "macro_round": 3,
      "cooperation_rate": 0.9770114942528736,
      "mutual_coop_rate": 0.9586206896551724,
      "mutual_defect_rate": 0.004597701149425287,
      "avg_payoff": 2.972413793103448,
      "gini_coefficient": 0.03333244437332764,
      "defector_isolation": 0.5,
      "spatial_coop_map": {
        "0": 1.0,
        "1": 1.0,
        "2": 0.9655172413793104,