{
  "cooperation_rate": {
    "mean": [
      0.9714942528735632,
      0.9650574712643678,
      0.9691954022988505,
      0.9687356321839079,
      0.9613793103448275,
      0.9588505747126437,
      0.9682758620689655,
      0.9625287356321838,
      0.9648275862068966,
      0.9708045977011495
    ],
    "std": [
      0.003118312635919623,
      0.0011721883939293882,
      0.003590919391221451,
      0.002758620689655176,
      0.010698920715604703,
      0.005833828754229678,
      0.004086526168880714,
      0.004632055558530997,
      0.005705597078616518,
      0.005469138967066809
    ]
  },
  "mutual_coop_rate": {
    "mean": [
      0.9434482758620689,
      0.9305747126436781,
      0.9388505747126438,
      0.9374712643678162,
      0.9241379310344827,
      0.9186206896551724,
      0.9379310344827585,
      0.926896551724138,
      0.9305747126436781,
      0.9425287356321839
    ],
    "std": [
      0.006911860403849598,
      0.0030497699221658597,
      0.006598942572141289,
      0.0055172413793103175,
      0.02156512993022266,
      0.011775860666543177,
      0.007693425531347815,
      0.00924126493896173,
      0.00968795747388759,
      0.010684091989537705
    ]
  },
  "mutual_defect_rate": {
    "mean": [
      0.0004597701149425287,
      0.0004597701149425287,
      0.0004597701149425287,
      0.0,
      0.001379310344827586,
      0.0009195402298850574,
      0.001379310344827586,
      0.0018390804597701149,
      0.0009195402298850574,
      0.0009195402298850574
    ],
    "std": [
      0.0009195402298850574,
      0.0009195402298850574,
      0.0009195402298850574,
      0.0,
      0.001126202180589967,
      0.0018390804597701149,
      0.0018390804597701149,
      0.0009195402298850574,
      0.0018390804597701149,
      0.001126202180589967
    ]
  },
  "avg_payoff": {
    "mean": [
      2.9710344827586206,
      2.964597701149425,
      2.968735632183908,
      2.968735632183908,
      2.96,
      2.9579310344827583,
      2.9668965517241377,
      2.960689655172414,
      2.9639080459770115,
      2.9698850574712643
    ],
    "std": [
      0.0025598916610711973,
      0.0008601511233964248,
      0.00426373264160723,
      0.0027586206896550894,
      0.010619594908000985,
      0.0061513049012687955,
      0.005057471264367812,
      0.004789118771494187,
      0.007470380142193933,
      0.005878947978181343
    ]
  },
  "gini_coefficient": {
    "mean": [
      0.04615052872894376,
      0.05643641034268273,
      0.04983637696081643,
      0.05100104471539031,
      0.06128886615397624,
      0.06579548190851879,
      0.05044185064291558,
      0.05915765021310967,
      0.05636181791646024,
      0.04680988437499119
    ],
    "std": [
      0.005647823538989711,
      0.002524566748068425,
      0.005206919248977895,
      0.004398236997155202,
      0.017022984167048894,
      0.009343572454104956,
      0.006123232723453727,
      0.007328093604497709,
      0.007461675494640154,
      0.00857284053916061
    ]
  },
  "defector_isolation": {
    "mean": [
      1.0,
      0.041388888888888885,
      0.06749193080227564,
      0.0,
      0.0,
      0.0,
      0.0,
      0.0,
      0.0,
      0.0
    ],
    "std": [
      0.0,
      0.04194720373558371,
      0.02477049436826972,
      0.0,
      0.0,
      0.0,
      0.0,
      0.0,
      0.0,
      0.0
    ]
  },
  "macro_rounds": [
    1,
    2,
    3,
    4,
    5,
    6,
    7,
    8,
    9,
    10
  ],
  "spatial_coop_map_mean": {
    "0": 0.9793103448275862,
    "1": 0.993103448275862,
    "2": 0.9655172413793103,
    "3": 0.9655172413793103,
    "4": 0.9517241379310345,
    "5": 0.9586206896551724,
    "6": 0.9862068965517242,
    "7": 0.9724137931034484,
    "8": 0.9793103448275863,
    "9": 0.9793103448275862,
    "10": 0.9862068965517242,
    "11": 0.993103448275862,
    "12": 1.0,
    "13": 0.9862068965517242,
    "14": 0.9655172413793103,
    "15": 0.9448275862068964,
    "16": 0.9793103448275862,
    "17": 0.9655172413793103,
    "18": 0.9310344827586207,
    "19": 1.0,
    "20": 0.9517241379310345,
    "21": 0.9655172413793105,
    "22": 0.9448275862068964,
    "23": 0.9586206896551724,
    "24": 0.9793103448275862,
    "25": 0.9586206896551724,
    "26": 0.9862068965517242,
    "27": 0.9586206896551724,
    "28": 0.9655172413793103,
    "29": 0.9724137931034482
  },
  "gossip_accuracy_mean": null,
  "gossip_entries_mean": 0.0,
  "positions": {
    "0": [
      5,
      1
    ],
    "1": [
      1,
      2
    ],
    "2": [
      1,
      4
    ],
    "3": [
      1,
      5
    ],
    "4": [
      0,
      0
    ],
    "5": [
      2,
      3
    ],
    "6": [
      4,
      4
    ],
    "7": [
      5,
      3
    ],
    "8": [
      3,
      3
    ],
    "9": [
      1,
      3
    ],
    "10": [
      3,
      5
    ],
    "11": [
      0,
      3
    ],
    "12": [
      2,
      5
    ],
    "13": [
      3,
      4
    ],
    "14": [
      4,
      0
    ],
    "15": [
      5,
      0
    ],
    "16": [
      4,
      3
    ],
    "17": [
      2,
      1
    ],
    "18": [
      5,
      2
    ],
    "19": [
      0,
      4
    ],
    "20": [
      5,
      5
    ],
    "21": [
      5,
      4
    ],
    "22": [
      4,
      1
    ],
    "23": [
      4,
      2
    ],
    "24": [
      1,
      0
    ],
    "25": [
      4,
      5
    ],
    "26": [
      3,
      2
    ],
    "27": [
      0,
      5
    ],
    "28": [
      0,
      1
    ],
    "29": [
      3,
      1
    ]
  },
  "history_examples": [
    {
      "macro_round": 1,
      "cooperation_rate": 0.9689655172413794,
      "mutual_coop_rate": 0.9379310344827586,
      "mutual_defect_rate": 0.0,
      "avg_payoff": 2.9689655172413794,
      "gini_coefficient": 0.050642797068364775,
      "defector_isolation": 1.0,
      "spatial_coop_map": {
        "0": 1.0,
        "1": 0.9655172413793104,
        "2": 1.0,
        "3": 0.9655172413793104,
        "4": 0.896551724137931,
        "5": 1.0,
        "6": 0.9655172413793104,
        "7": 0.9310344827586207,
        "8": 0.9655172413793104,
        "9": 0.9655172413793104,
        "10": 0.9655172413793104,
        "11": 1.0,
        "12": 1.0,
        "13": 0.9655172413793104,
        "14": 1.0,
        "15": 0.9655172413793104,
        "16": 1.0,
        "17": 0.9655172413793104,
        "18": 1.0,
        "19": 1.0,
        "20": 0.9655172413793104,
        "21": 0.9655172413793104,
        "22": 0.9655172413793104,
        "23": 0.9310344827586207,
        "24": 0.896551724137931,
        "25": 0.9655172413793104,
        "26": 0.9655172413793104,
        "27": 0.9655172413793104,
        "28": 0.9310344827586207,
        "29": 1.0
      }
    },
    {
      "macro_round": 2,
      "cooperation_rate": 0.964367816091954,
      "mutual_coop_rate": 0.9287356321839081,
      "mutual_defect_rate": 0.0,
      "avg_payoff": 2.964367816091954,
      "gini_coefficient": 0.057959291002036784,
      "defector_isolation": 0.0,
      "spatial_coop_map": {
        "0": 1.0,
        "1": 0.9655172413793104,
        "2": 0.896551724137931,
        "3": 1.0,
        "4": 0.9655172413793104,
        "5": 1.0,
        "6": 0.9310344827586207,
        "7": 1.0,
        "8": 0.9655172413793104,
        "9": 1.0,
        "10": 0.9310344827586207,
        "11": 0.9655172413793104,
        "12": 0.9655172413793104,
        "13": 1.0,
        "14": 1.0,
        "15": 0.9310344827586207,
        "16": 0.9655172413793104,
        "17": 0.9310344827586207,
        "18": 0.9655172413793104,
        "19": 0.9310344827586207,
        "20": 1.0,
        "21": 0.9310344827586207,
        "22": 0.9310344827586207,
        "23": 0.9655172413793104,
        "24": 0.9655172413793104,
        "25": 0.9310344827586207,
        "26": 0.9655172413793104,
        "27": 1.0,
        "28": 1.0,
        "29": 0.9310344827586207
      }
    },
    {
      "macro_round": 3,
      "cooperation_rate": 0.964367816091954,