{
  "cooperation_rate": {
    "mean": [
      0.9174712643678161,
      0.9165517241379308,
      0.9041379310344828,
      0.9137931034482758,
      0.9117241379310345,
      0.9108045977011494,
      0.9041379310344826,
      0.9066666666666666,
      0.894712643678161,
      0.9006896551724137
    ],
    "std": [
      0.012409535242543257,
      0.009467246106654729,
      0.02142499136493289,
      0.010584702927100094,
      0.015649078092062084,
      0.00861992333758744,
      0.015703017340632702,
      0.009627766248906634,
      0.0045165247596295486,
      0.007983335795027744
    ]
  },
  "mutual_coop_rate": {
    "mean": [
      0.8404597701149426,
      0.8381609195402298,
      0.8193103448275861,
      0.8358620689655172,
      0.8308045977011493,
      0.8298850574712644,
      0.8193103448275861,
      0.8220689655172414,
      0.7990804597701149,
      0.8110344827586207
    ],
    "std": [
      0.022505265748083522,
      0.017116791235849443,
      0.035303639210027514,
      0.018367801706150058,
      0.027494099103864012,
      0.016893032708849506,
      0.02396103764743978,
      0.018934492213309423,
      0.0070631225267757305,
      0.0131175564300571
    ]
  },
  "mutual_defect_rate": {
    "mean": [
      0.005517241379310344,
      0.005057471264367816,
      0.011034482758620689,
      0.008275862068965517,
      0.0073563218390804595,
      0.008275862068965517,
      0.011034482758620689,
      0.008735632183908045,
      0.009655172413793104,
      0.009655172413793104
    ],
    "std": [
      0.004733623053327357,
      0.004457636650497774,
      0.007610549589538781,
      0.006270428366430278,
      0.003955092076801207,
      0.003735190071096993,
      0.007748183699472513,
      0.002252404361179934,
      0.004457636650497774,
      0.003378606541769901
    ]
  },
  "avg_payoff": {
    "mean": [
      2.911954022988506,
      2.9114942528735632,
      2.8931034482758617,
      2.90551724137931,
      2.904367816091954,
      2.902528735632184,
      2.8931034482758617,
      2.8979310344827587,
      2.8850574712643677,
      2.891034482758621
    ],
    "std": [
      0.01556781880766626,
      0.012336926772412583,
      0.0289965168909767,
      0.015046499468463023,
      0.01949826460564607,
      0.010057307059414915,
      0.023296783558911637,
      0.010316692263134152,
      0.008127664151569555,
      0.011058403191545468
    ]
  },
  "gini_coefficient": {
    "mean": [
      0.12509527046385985,
      0.12689596294975874,
      0.14015278033644174,
      0.12831792236818346,
      0.1320614790242532,
      0.13275400150632496,
      0.14030771992683527,
      0.1384605929611204,
      0.1552141724901826,
      0.14653403560624703
    ],
    "std": [
      0.016644853538051063,
      0.012556331253943004,
      0.02532710688502196,
      0.013486519095698396,
      0.019905106895018922,
      0.012531058367268809,
      0.016940547168617565,
      0.013888627633353629,
      0.005039428118296023,
      0.009386976344619605
    ]
  },
  "defector_isolation": {
    "mean": [
      0.011194805194805195,
      0.0,
      0.0,
      0.0,
      0.0,
      0.0,
      0.0,
      0.0,
      0.0,
      0.0
    ],
    "std": [
      0.010035808528531667,
      0.0,
      0.0,
      0.0,
      0.0,
      0.0,
      0.0,
      0.0,
      0.0,
      0.0
    ]
  },
  "macro_rounds": [
    1,
    2,
    3,
    4,
    5,
    6,
    7,
    8,
    9,
    10
  ],
  "spatial_coop_map_mean": {
    "0": 0.9172413793103449,
    "1": 0.9034482758620689,
    "2": 0.8689655172413794,
    "3": 0.8620689655172414,
    "4": 0.8758620689655171,
    "5": 0.9310344827586207,
    "6": 0.8620689655172413,
    "7": 0.9241379310344827,
    "8": 0.9034482758620689,
    "9": 0.9586206896551724,
    "10": 0.9034482758620689,
    "11": 0.903448275862069,
    "12": 0.9103448275862067,
    "13": 0.9034482758620689,
    "14": 0.9172413793103449,
    "15": 0.8896551724137931,
    "16": 0.9517241379310345,
    "17": 0.8896551724137932,
    "18": 0.9103448275862069,
    "19": 0.9241379310344827,
    "20": 0.8482758620689654,
    "21": 0.8827586206896552,
    "22": 0.9172413793103449,
    "23": 0.9517241379310345,
    "24": 0.903448275862069,
    "25": 0.8965517241379309,
    "26": 0.8551724137931034,
    "27": 0.8965517241379309,
    "28": 0.8689655172413794,
    "29": 0.8896551724137931
  },
  "gossip_accuracy_mean": 0.7404608308873576,
  "gossip_entries_mean": 61850.0,
  "positions": {
    "0": [
      5,
      1
    ],
    "1": [
      1,
      2
    ],
    "2": [
      1,
      4
    ],
    "3": [
      1,
      5
    ],
    "4": [
      0,
      0
    ],
    "5": [
      2,
      3
    ],
    "6": [
      4,
      4
    ],
    "7": [
      5,
      3
    ],
    "8": [
      3,
      3
    ],
    "9": [
      1,
      3
    ],
    "10": [
      3,
      5
    ],
    "11": [
      0,
      3
    ],
    "12": [
      2,
      5
    ],
    "13": [
      3,
      4
    ],
    "14": [
      4,
      0
    ],
    "15": [
      5,
      0
    ],
    "16": [
      4,
      3
    ],
    "17": [
      2,
      1
    ],
    "18": [
      5,
      2
    ],
    "19": [
      0,
      4
    ],
    "20": [
      5,
      5
    ],
    "21": [
      5,
      4
    ],
    "22": [
      4,
      1
    ],
    "23": [
      4,
      2
    ],
    "24": [
      1,
      0
    ],
    "25": [
      4,
      5
    ],
    "26": [
      3,
      2
    ],
    "27": [
      0,
      5
    ],
    "28": [
      0,
      1
    ],
    "29": [
      3,
      1
    ]
  },
  "history_examples": [
    {
      "macro_round": 1,
      "cooperation_rate": 0.9137931034482759,
      "mutual_coop_rate": 0.8275862068965517,
      "mutual_defect_rate": 0.0,
      "avg_payoff": 2.913793103448276,
      "gini_coefficient": 0.1351764945929402,
      "defector_isolation": 0.013333333333333334,
      "spatial_coop_map": {
        "0": 0.896551724137931,
        "1": 0.9655172413793104,
        "2": 0.896551724137931,
        "3": 0.896551724137931,
        "4": 0.896551724137931,
        "5": 0.9655172413793104,
        "6": 0.8620689655172413,
        "7": 0.8620689655172413,
        "8": 0.9655172413793104,
        "9": 0.9655172413793104,
        "10": 0.9655172413793104,
        "11": 0.9310344827586207,
        "12": 0.9655172413793104,
        "13": 0.9310344827586207,
        "14": 0.896551724137931,
        "15": 0.9655172413793104,
        "16": 0.896551724137931,
        "17": 0.6896551724137931,
        "18": 0.9310344827586207,
        "19": 0.9310344827586207,
        "20": 0.896551724137931,
        "21": 0.9655172413793104,
        "22": 0.8275862068965517,
        "23": 0.9310344827586207,
        "24": 0.9310344827586207,
        "25": 0.896551724137931,
        "26": 0.9310344827586207,
        "27": 0.896551724137931,
        "28": 0.896551724137931,
        "29": 0.9655172413793104
      }
    },
    {
      "macro_round": 2,
      "cooperation_rate": 0.9218390804597701,
      "mutual_coop_rate": 0.8436781609195402,
      "mutual_defect_rate": 0.0,
      "avg_payoff": 2.9218390804597703,
      "gini_coefficient": 0.12329869683568916,
      "defector_isolation": 0.0,
      "spatial_coop_map": {
        "0": 0.8275862068965517,
        "1": 0.9310344827586207,
        "2": 0.8620689655172413,
        "3": 0.9310344827586207,
        "4": 0.896551724137931,
        "5": 0.8620689655172413,
        "6": 0.8620689655172413,
        "7": 0.9310344827586207,
        "8": 0.9655172413793104,
        "9": 0.9655172413793104,
        "10": 1.0,
        "11": 0.9655172413793104,
        "12": 0.896551724137931,
        "13": 0.9310344827586207,
        "14": 0.9655172413793104,
        "15": 0.9655172413793104,
        "16": 0.9655172413793104,
        "17": 0.9310344827586207,
        "18": 0.9655172413793104,
        "19": 0.896551724137931,
        "20": 0.9655172413793104,
        "21": 0.7931034482758621,
        "22": 0.9310344827586207,