{
  "cooperation_rate": {
    "mean": [
      0.9744827586206897,
      0.9742528735632184,
      0.9641379310344828,
      0.9611494252873565,
      0.9590804597701149,
      0.9567816091954022,
      0.9593103448275861,
      0.9613793103448275,
      0.9629885057471265,
      0.9620689655172414
    ],
    "std": [
      0.004898224310956872,
      0.0040865261688807445,
      0.008765828029856378,
      0.007603602486685609,
      0.007107873486777151,
      0.011690282423072294,
      0.0068427016396033005,
      0.005420609711517961,
      0.006717995032736769,
      0.010433844338308232
    ]
  },
  "mutual_coop_rate": {
    "mean": [
      0.9498850574712643,
      0.9595402298850575,
      0.9383908045977012,
      0.9324137931034484,
      0.9291954022988506,
      0.920919540229885,
      0.9282758620689654,
      0.9319540229885057,
      0.936551724137931,
      0.9337931034482759
    ],
    "std": [
      0.008891530853247686,
      0.005361794845834744,
      0.013117556430057093,
      0.010030999645642028,
      0.014784308221437708,
      0.021298822660966412,
      0.013669948273396326,
      0.01168576094449546,
      0.012042115727548307,
      0.019473856169698732
    ]
  },
  "mutual_defect_rate": {
    "mean": [
      0.0009195402298850574,
      0.011034482758620689,
      0.010114942528735632,
      0.010114942528735632,
      0.011034482758620689,
      0.0073563218390804595,
      0.009655172413793104,
      0.009195402298850575,
      0.010574712643678161,
      0.009655172413793104
    ],
    "std": [
      0.001126202180589967,
      0.003378606541769901,
      0.00516090674037785,
      0.005555423436135435,
      0.004457636650497774,
      0.0036781609195402297,
      0.003049769922165885,
      0.005631010902949834,
      0.004733623053327357,
      0.0026808974229173793
    ]
  },
  "avg_payoff": {
    "mean": [
      2.9735632183908045,
      2.963218390804598,
      2.9540229885057467,
      2.9510344827586206,
      2.948045977011495,
      2.9494252873563216,
      2.949655172413793,
      2.952183908045977,
      2.9524137931034486,
      2.952413793103448
    ],
    "std": [
      0.005860941969647016,
      0.007269603816478996,
      0.013580740678383387,
      0.013016448429326082,
      0.008490200143732958,
      0.014263992696541135,
      0.007809327701822021,
      0.008211756827352597,
      0.009823384192745564,
      0.012155681900140105
    ]
  },
  "gini_coefficient": {
    "mean": [
      0.04091188076230772,
      0.03160002826951021,
      0.04885142623971418,
      0.05366356848488697,
      0.05604439020049303,
      0.0630924938221064,
      0.056990404234375305,
      0.054106633153271785,
      0.05024767106783111,
      0.0525403586484513
    ],
    "std": [
      0.007021003678465132,
      0.004009268021242252,
      0.009948776474212441,
      0.007353542440787975,
      0.011997495861300491,
      0.016645972606957226,
      0.010953107669204789,
      0.009667465320982485,
      0.00963190964549067,
      0.015414773849936066
    ]
  },
  "defector_isolation": {
    "mean": [
      1.0,
      0.2785148185148185,
      0.37993086789938363,
      0.16897354497354494,
      0.2329329081651063,
      0.137191145281018,
      0.20478005358223142,
      0.11393852560181161,
      0.13194473338996665,
      0.13956030897207367
    ],
    "std": [
      0.0,
      0.15068696586363087,
      0.0838403514084101,
      0.07562036554618838,
      0.09103165298688308,
      0.07669253051811582,
      0.08587316438753011,
      0.050931484616484356,
      0.07478070149089366,
      0.06383894792804172
    ]
  },
  "macro_rounds": [
    1,
    2,
    3,
    4,
    5,
    6,
    7,
    8,
    9,
    10
  ],
  "spatial_coop_map_mean": {
    "0": 0.9448275862068967,
    "1": 0.9724137931034484,
    "2": 0.9724137931034484,
    "3": 0.9655172413793103,
    "4": 0.9655172413793103,
    "5": 0.9862068965517242,
    "6": 0.9793103448275863,
    "7": 0.9724137931034482,
    "8": 0.9517241379310345,
    "9": 0.9724137931034484,
    "10": 0.9586206896551724,
    "11": 0.9793103448275863,
    "12": 0.9586206896551724,
    "13": 0.9379310344827587,
    "14": 0.9517241379310345,
    "15": 0.9586206896551726,
    "16": 0.9724137931034484,
    "17": 0.9448275862068967,
    "18": 0.9862068965517242,
    "19": 0.9517241379310345,
    "20": 0.9586206896551724,
    "21": 0.9724137931034482,
    "22": 0.9586206896551724,
    "23": 0.9379310344827585,
    "24": 0.9586206896551724,
    "25": 0.9517241379310345,
    "26": 0.9655172413793103,
    "27": 0.9448275862068967,
    "28": 0.9724137931034484,
    "29": 0.9586206896551724
  },
  "gossip_accuracy_mean": null,
  "gossip_entries_mean": 0.0,
  "positions": {
    "0": [
      5,
      1
    ],
    "1": [
      1,
      2
    ],
    "2": [
      1,
      4
    ],
    "3": [
      1,
      5
    ],
    "4": [
      0,
      0
    ],
    "5": [
      2,
      3
    ],
    "6": [
      4,
      4
    ],
    "7": [
      5,
      3
    ],
    "8": [
      3,
      3
    ],
    "9": [
      1,
      3
    ],
    "10": [
      3,
      5
    ],
    "11": [
      0,
      3
    ],
    "12": [
      2,
      5
    ],
    "13": [
      3,
      4
    ],
    "14": [
      4,
      0
    ],
    "15": [
      5,
      0
    ],
    "16": [
      4,
      3
    ],
    "17": [
      2,
      1
    ],
    "18": [
      5,
      2
    ],
    "19": [
      0,
      4
    ],
    "20": [
      5,
      5
    ],
    "21": [
      5,
      4
    ],
    "22": [
      4,
      1
    ],
    "23": [
      4,
      2
    ],
    "24": [
      1,
      0
    ],
    "25": [
      4,
      5
    ],
    "26": [
      3,
      2
    ],
    "27": [
      0,
      5
    ],
    "28": [
      0,
      1
    ],
    "29": [
      3,
      1
    ]
  },
  "history_examples": [
    {
      "macro_round": 1,
      "cooperation_rate": 0.9793103448275862,
      "mutual_coop_rate": 0.9586206896551724,
      "mutual_defect_rate": 0.0,
      "avg_payoff": 2.9793103448275864,
      "gini_coefficient": 0.034003831417624523,
      "defector_isolation": 1.0,
      "spatial_coop_map": {
        "0": 0.9310344827586207,
        "1": 0.9655172413793104,
        "2": 0.9310344827586207,
        "3": 1.0,
        "4": 1.0,
        "5": 1.0,
        "6": 0.9310344827586207,
        "7": 1.0,
        "8": 0.9655172413793104,
        "9": 1.0,
        "10": 0.9655172413793104,
        "11": 1.0,
        "12": 0.9655172413793104,
        "13": 0.9655172413793104,
        "14": 1.0,
        "15": 0.9655172413793104,
        "16": 0.9655172413793104,
        "17": 1.0,
        "18": 1.0,
        "19": 0.9655172413793104,
        "20": 1.0,
        "21": 0.9655172413793104,
        "22": 1.0,
        "23": 0.9655172413793104,
        "24": 1.0,
        "25": 1.0,
        "26": 0.9655172413793104,
        "27": 1.0,
        "28": 0.9655172413793104,
        "29": 1.0
      }
    },
    {
      "macro_round": 2,
      "cooperation_rate": 0.9735632183908046,
      "mutual_coop_rate": 0.960919540229885,
      "mutual_defect_rate": 0.013793103448275862,
      "avg_payoff": 2.9597701149425286,
      "gini_coefficient": 0.030045307443365695,
      "defector_isolation": 0.18181818181818182,
      "spatial_coop_map": {
        "0": 0.8620689655172413,
        "1": 0.9655172413793104,
        "2": 1.0,
        "3": 1.0,
        "4": 1.0,
        "5": 1.0,
        "6": 1.0,
        "7": 1.0,
        "8": 0.9655172413793104,
        "9": 0.9655172413793104,
        "10": 0.9310344827586207,
        "11": 0.9310344827586207,
        "12": 0.9310344827586207,
        "13": 0.9655172413793104,
        "14": 1.0,
        "15": 1.0,
        "16": 1.0,
        "17": 0.9655172413793104,
        "18": 1.0,
        "19": 0.9655172413793104,
        "20": 1.0,
        "21": 1.0,
        "22": 1.0,
        "23": 0.9655172413793104,
        "24": 0.9655172413793104,
        "25": 0.9655172413793104,
        "26": 0.9655172413793104,
        "27": 1.0,